id,x,y,INFECTED
1337,94,98,yes
573,56,84,yes
5671,68,85,yes
4369,80,46,yes
2698,87,65,yes
4243,1,90,yes
1173,71,23,yes
2780,80,41,yes
789,14,94,yes
526,61,46,yes
9273,37,2,yes
6109,2,3,yes
3209,87,63,yes
972,46,39,yes
4202,76,7,yes
3072,35,94,yes
1346,36,95,yes
4478,57,44,yes
2107,2,44,yes
8760,36,0,yes
652,58,83,yes
4459,40,24,yes
2312,60,17,yes
1623,13,20,yes
527,45,92,yes
726,89,34,yes
9322,99,79,yes
9281,53,56,yes
8833,4,63,yes
215,21,63,yes
1216,73,15,yes
4534,80,10,yes
3088,73,66,yes
8368,37,31,yes
8074,27,88,yes
1987,59,99,yes
2237,25,89,yes
7877,16,37,yes
3517,50,79,yes
742,72,9,yes
1086,54,91,yes
4466,93,2,yes
1421,25,75,yes
803,1,17,yes
5448,94,68,yes
1276,64,2,yes
9034,51,36,yes
6317,16,23,yes
7838,71,81,yes
3708,49,32,yes
79,49,70,yes
92,95,30,yes
717,94,10,yes
990,2,44,yes
4397,4,95,yes
449,86,96,yes
2651,67,48,yes
1306,0,85,yes
5386,35,92,yes
1714,72,58,yes
8092,14,27,yes
6818,38,99,yes
8952,43,42,yes
6418,40,51,yes
7120,7,51,yes
3168,27,30,yes
7808,13,93,yes
8278,13,47,yes
1648,78,17,yes
1902,38,17,yes
6065,66,73,yes
9036,45,72,yes
4834,73,86,yes
8734,77,18,yes
2007,97,86,yes
8711,48,93,yes
6565,47,53,yes
2874,24,76,yes
8254,47,58,yes
1550,80,16,yes
7277,24,54,yes
7286,91,70,yes
3966,67,77,yes
6146,1,88,yes
5740,45,60,yes
937,63,35,yes
3250,6,36,yes
8060,75,16,yes
6857,63,71,yes
2656,78,92,yes
715,95,41,yes
5686,8,95,yes
9827,5,38,yes
3221,38,51,yes
3826,48,59,yes
6177,3,26,yes
2380,66,14,yes
6635,16,99,yes
4755,44,35,yes
9748,86,14,yes
